Panel,Protein,Uniprot,OlinkRef,Biotemporal CV
CARDIOMETABOLIC,ANG,P03950,OID01226,3.631632456482781
CARDIOMETABOLIC,ANGPTL3,Q9Y5C1,OID01306,4.56663455983698
CARDIOMETABOLIC,AOC3,Q16853,OID01294,4.449515557321957
CARDIOMETABOLIC,APOM,O95445,OID01221,3.5662570623892664
CARDIOMETABOLIC,C1QTNF1,Q9BXJ1,OID01301,4.495210455347287
CARDIOMETABOLIC,C2,P06681,OID01233,2.514517723488232
CARDIOMETABOLIC,CA1,P00915,OID01223,6.887036428893538
CARDIOMETABOLIC,CA3,P07451,OID01235,9.667933449748256
CARDIOMETABOLIC,CA4,P22748,OID01261,6.433548232834614
CARDIOMETABOLIC,CCL14,Q16627,OID01292,3.0524589613430204
CARDIOMETABOLIC,CCL18,P55774,OID01276,4.949584720764697
CARDIOMETABOLIC,CCL5,P13501,OID01246,8.80320884596211
CARDIOMETABOLIC,CD46,P15529,OID01251,7.330587988296875
CARDIOMETABOLIC,CD59,P13987,OID01248,303.9468336877661
CARDIOMETABOLIC,CDH1,P12830,OID01245,5.269985196096337
CARDIOMETABOLIC,CES1,P23141,OID01263,6.650972741167314
CARDIOMETABOLIC,CFHR5,Q9BXR6,OID01302,1.8835679640822145
CARDIOMETABOLIC,CHL1,O00533,OID01216,3.7485176632126467
CARDIOMETABOLIC,CNDP1,Q96KN2,OID01299,4.358579501235307
CARDIOMETABOLIC,COL18A1,P39060,OID01271,4.149078269799488
CARDIOMETABOLIC,COMP,P49747,OID01274,2.5781185713865784
CARDIOMETABOLIC,CR2,P20023,OID01258,3.228579430171869
CARDIOMETABOLIC,CRTAC1,Q9NQ79,OID01304,4.079495341043117
CARDIOMETABOLIC,CST3,P01034,OID01225,3.4134750808041887
CARDIOMETABOLIC,DPP4,P27487,OID01266,8.149598425845584
CARDIOMETABOLIC,EFEMP1,Q12805,OID01281,5.234770944487611
CARDIOMETABOLIC,ENG,P17813,OID01254,5.554762529297369
CARDIOMETABOLIC,F11,P03951,OID01227,1.820762220368901
CARDIOMETABOLIC,F7,P08709,OID01239,3.6390678162016052
CARDIOMETABOLIC,FAP,Q12884,OID01282,14.747375126914733
CARDIOMETABOLIC,FCGR2A,P12318,OID01244,6.223902701232133
CARDIOMETABOLIC,FCGR3B,O75015,OID01219,4.787571198573691
CARDIOMETABOLIC,FCN2,Q15485,OID01290,2.857386166888285
CARDIOMETABOLIC,FETUB,Q9UGM5,OID01305,5.699289314275473
CARDIOMETABOLIC,GAS6,Q14393,OID01286,3.8058935961686013
CARDIOMETABOLIC,GNLY,P22749,OID01262,14.497485985584833
CARDIOMETABOLIC,GP1BA,P07359,OID01234,7.307926290893948
CARDIOMETABOLIC,ICAM1,P05362,OID01230,2.671872415751951
CARDIOMETABOLIC,ICAM3,P32942,OID01267,4.449168129140193
CARDIOMETABOLIC,IGFBP3,P17936,OID01255,3.344253172332818
CARDIOMETABOLIC,IGFBP6,P24592,OID01264,3.442193059257839
CARDIOMETABOLIC,IGLC2,P0DOY2,OID01240,3.5366836401341204
CARDIOMETABOLIC,IL7R,P16871,OID01253,6.045418980156287
CARDIOMETABOLIC,ITGAM,P11215,OID01242,13.127445307599414
CARDIOMETABOLIC,KIT,P10721,OID01241,3.972206853456726
CARDIOMETABOLIC,LILRB1,Q8NHL6,OID01297,4.946531556286073
CARDIOMETABOLIC,LILRB2,Q8N423,OID01296,4.827489308258206
CARDIOMETABOLIC,LILRB5,O75023,OID01220,3.5469944139835614
CARDIOMETABOLIC,LYVE1,Q9Y5Y7,OID01307,2.3484730895133694
CARDIOMETABOLIC,MBL2,P11226,OID01243,2.3098361358812074
CARDIOMETABOLIC,MEGF9,Q9H1U4,OID01303,4.407113280413025
CARDIOMETABOLIC,MET,P08581,OID01238,4.574360752130962
CARDIOMETABOLIC,MFAP5,Q13361,OID01285,8.525670037824211
CARDIOMETABOLIC,NCAM1,P13591,OID01247,3.2505888285192794
CARDIOMETABOLIC,NID1,P14543,OID01250,5.942261297894669
CARDIOMETABOLIC,NOTCH1,P46531,OID01273,4.050687239348039
CARDIOMETABOLIC,NRP1,O14786,OID01217,12.329812908343081
CARDIOMETABOLIC,OSMR,Q99650,OID01300,9.45060040689533
CARDIOMETABOLIC,PAM,P19021,OID01256,4.959018570887334
CARDIOMETABOLIC,PCOLCE,Q15113,OID01289,3.690313479968308
CARDIOMETABOLIC,PLA2G7,Q13093,OID01283,8.975561483987832
CARDIOMETABOLIC,PLTP,P55058,OID01275,8.884475503927671
CARDIOMETABOLIC,PLXNB2,O15031,OID01218,7.034576432241261
CARDIOMETABOLIC,PROC,P04070,OID01228,4.288585062749773
CARDIOMETABOLIC,PRSS2,P07478,OID01236,7.275730386613686
CARDIOMETABOLIC,PTPRS,Q13332,OID01284,7.506812971693689
CARDIOMETABOLIC,QPCT,Q16769,OID01293,-27.63760741620549
CARDIOMETABOLIC,REG1A,P05451,OID01231,3.319035245234116
CARDIOMETABOLIC,SAA4,P35542,OID01269,7.664323097920396
CARDIOMETABOLIC,SELL,P14151,OID01249,1.9875537949790667
CARDIOMETABOLIC,SERPINA5,P05154,OID01229,2.239754146861879
CARDIOMETABOLIC,SERPINA7,P05543,OID01232,3.863609823752494
CARDIOMETABOLIC,SOD1,P00441,OID01222,26.173531950095903
CARDIOMETABOLIC,SPARCL1,Q14515,OID01287,4.7494428581422055
CARDIOMETABOLIC,ST6GAL1,P15907,OID01252,5.733626242249651
CARDIOMETABOLIC,TCN2,P20062,OID01259,4.396031341033692
CARDIOMETABOLIC,TGFBI,Q15582,OID01291,1.8542279098723764
CARDIOMETABOLIC,TGFBR3,Q03167,OID01279,4.943429211417006
CARDIOMETABOLIC,THBS4,P35443,OID01268,5.161414670323505
CARDIOMETABOLIC,TIE1,P35590,OID01270,7.111992030550191
CARDIOMETABOLIC,TIMD4,Q96H15,OID01298,4.729858486097022
CARDIOMETABOLIC,TIMP1,P01033,OID01224,4.00314762829495
CARDIOMETABOLIC,TNC,P24821,OID01265,4.947495146844384
CARDIOMETABOLIC,TNXB,P22105,OID01260,10.348205897099152
CARDIOMETABOLIC,UMOD,P07911,OID01237,6.593350127577803
CARDIOMETABOLIC,VASN,Q6EMK4,OID01295,7.852495946194818
CARDIOMETABOLIC,VCAM1,P19320,OID01257,2.8275085656403705
CARDIOVASCULAR III,ALCAM,Q13740,OID00572,1.869380919173906
CARDIOVASCULAR III,AP-N,P15144,OID00611,2.513451811414219
CARDIOVASCULAR III,AXL,P30530,OID00612,1.6021152788350221
CARDIOVASCULAR III,AZU1,P20160,OID00597,13.37969630430435
CARDIOVASCULAR III,BLM hydrolase,Q13867,OID00581,7.086661890401372
CARDIOVASCULAR III,CASP-3,P42574,OID00630,6.889022083811552
CARDIOVASCULAR III,CCL15,Q16663,OID00629,2.3396767978336026
CARDIOVASCULAR III,CCL16,O15467,OID00654,2.592672864150424
CARDIOVASCULAR III,CCL24,O00175,OID00592,2.996252968918931
CARDIOVASCULAR III,CD163,Q86VB7,OID00577,2.1014011130922317
CARDIOVASCULAR III,CD93,Q9NPY3,OID00639,1.4568968371072468
CARDIOVASCULAR III,CDH5,P33151,OID00587,3.398510535103149
CARDIOVASCULAR III,CHI3L1,P36222,OID00633,7.260961489560993
CARDIOVASCULAR III,CHIT1,Q13231,OID00605,3.3956639834808997
CARDIOVASCULAR III,CNTN1,Q12860,OID00586,3.671628684625135
CARDIOVASCULAR III,COL1A1,P02452,OID00641,6.565731244520707
CARDIOVASCULAR III,CPA1,P15085,OID00624,4.354397716083753
CARDIOVASCULAR III,CPB1,P15086,OID00632,4.030343588020866
CARDIOVASCULAR III,CSTB,P04080,OID00575,5.663213748139579
CARDIOVASCULAR III,CTSD,P07339,OID00622,5.718761515307764
CARDIOVASCULAR III,CTSZ,Q9UBR2,OID00643,3.418403568919304
CARDIOVASCULAR III,CXCL16,Q9H2A7,OID00601,2.9142077176550094
CARDIOVASCULAR III,DLK-1,P80370,OID00598,3.302148586699316
CARDIOVASCULAR III,EGFR,P00533,OID00637,3.6461717082269103
CARDIOVASCULAR III,Ep-CAM,P16422,OID00610,6.588098645083787
CARDIOVASCULAR III,EPHB4,P54760,OID00569,2.6213193259321055
CARDIOVASCULAR III,FABP4,P15090,OID00589,4.220604722951753
CARDIOVASCULAR III,FAS,P25445,OID00615,2.6645798545710813
CARDIOVASCULAR III,Gal-3,P17931,OID00578,3.817153910695681
CARDIOVASCULAR III,Gal-4,P56470,OID00626,4.810586122033636
CARDIOVASCULAR III,GDF-15,Q99988,OID00595,3.425918415280607
CARDIOVASCULAR III,GP6,Q9HCN6,OID05026,10.752507093447656
CARDIOVASCULAR III,GRN,P28799,OID00579,2.5276217246248214
CARDIOVASCULAR III,ICAM-2,P13598,OID00646,2.5168766688476882
CARDIOVASCULAR III,IGFBP-1,P08833,OID00604,11.999778456792763
CARDIOVASCULAR III,IGFBP-2,P18065,OID00650,2.3213761305742113
CARDIOVASCULAR III,IGFBP-7,Q16270,OID00638,2.2314706845338885
CARDIOVASCULAR III,IL-17RA,Q96F46,OID00566,3.7842085978626065
CARDIOVASCULAR III,IL-18BP,O95998,OID00640,2.3725137604603677
CARDIOVASCULAR III,IL-1RT1,P14778,OID00613,2.2557372140821643
CARDIOVASCULAR III,IL-1RT2,P27930,OID00627,2.625482814360166
CARDIOVASCULAR III,IL-6RA,P08887,OID00602,0.9600040947040748
CARDIOVASCULAR III,IL2-RA,P01589,OID00570,4.73920447135311
CARDIOVASCULAR III,ITGB2,P05107,OID00565,2.508490202473487
CARDIOVASCULAR III,JAM-A,Q9Y624,OID00625,7.621118417997004
CARDIOVASCULAR III,KLK6,Q92876,OID00647,6.734167371890661
CARDIOVASCULAR III,LDL receptor,P01130,OID00564,5.120429914846215
CARDIOVASCULAR III,LTBR,P36941,OID00583,3.513301242422231
CARDIOVASCULAR III,MB,P02144,OID00616,3.4437085911807297
CARDIOVASCULAR III,MCP-1,P13500,OID00576,4.5506780585844115
CARDIOVASCULAR III,MEPE,Q9NQ76,OID00132,3.4517844845373857
CARDIOVASCULAR III,MMP-2,P08253,OID00614,4.865351341456313
CARDIOVASCULAR III,MMP-3,P08254,OID00644,3.0651925273901446
CARDIOVASCULAR III,MMP-9,P14780,OID00568,9.185904209583986
CARDIOVASCULAR III,MPO,P05164,OID00600,5.057139413767081
CARDIOVASCULAR III,Notch 3,Q9UM47,OID00584,2.8010948487894645
CARDIOVASCULAR III,NT-proBNP,"NA",OID00131,8.535566690674825
CARDIOVASCULAR III,OPG,O00300,OID00571,3.75438673899494
CARDIOVASCULAR III,OPN,P10451,OID00621,2.7247943666519587
CARDIOVASCULAR III,PAI,P05121,OID00591,6.083722124096258
CARDIOVASCULAR III,PCSK9,Q8NBP7,OID00619,4.620954649871596
CARDIOVASCULAR III,PDGF subunit A,P04085,OID00648,9.414122401095497
CARDIOVASCULAR III,PECAM-1,P16284,OID00652,5.927289474838197
CARDIOVASCULAR III,PGLYRP1,O75594,OID00623,3.127740275627783
CARDIOVASCULAR III,PI3,P19957,OID00609,7.623366600523213
CARDIOVASCULAR III,PLC,P98160,OID00582,1.566589024119315
CARDIOVASCULAR III,PON3,Q15166,OID00642,3.0115837296160355
CARDIOVASCULAR III,PRTN3,P24158,OID00618,5.628794465128051
CARDIOVASCULAR III,PSP-D,P35247,OID00608,5.961399471696822
CARDIOVASCULAR III,RARRES2,Q99969,OID00645,1.1702135281208432
CARDIOVASCULAR III,RETN,Q9HD89,OID00603,2.935292845630218
CARDIOVASCULAR III,SCGB3A2,Q96PL1,OID00636,6.418061896048768
CARDIOVASCULAR III,SELE,P16581,OID00596,1.5354999074864575
CARDIOVASCULAR III,SELP,P16109,OID00574,3.4585618663022464
CARDIOVASCULAR III,SHPS-1,P78324,OID00628,3.4529479964746073
CARDIOVASCULAR III,SPON1,Q9HCB6,OID00599,6.4223099565498964
CARDIOVASCULAR III,ST2,Q01638,OID00634,3.6391816431107444
CARDIOVASCULAR III,t-PA,P00750,OID00635,4.605726770751107
CARDIOVASCULAR III,TFF3,Q07654,OID00573,3.073488031487747
CARDIOVASCULAR III,TFPI,P10646,OID00590,1.6201413296615588
CARDIOVASCULAR III,TIMP4,Q99727,OID00585,4.600602879391061
CARDIOVASCULAR III,TLT-2,Q5T2D2,OID00588,4.197303887594604
CARDIOVASCULAR III,TNF-R1,P19438,OID00649,2.524677570898206
CARDIOVASCULAR III,TNF-R2,P20333,OID00567,2.8224331860463026
CARDIOVASCULAR III,TNFRSF10C,O14798,OID00594,2.339775583315784
CARDIOVASCULAR III,TNFRSF14,Q92956,OID00563,3.832228717692391
CARDIOVASCULAR III,TNFSF13B,Q9Y275,OID00617,2.8102414482558644
CARDIOVASCULAR III,TR,P02786,OID00593,4.35800787621484
CARDIOVASCULAR III,TR-AP,P13686,OID00606,4.233688340012139
CARDIOVASCULAR III,U-PAR,Q03405,OID00620,2.984908781418221
CARDIOVASCULAR III,uPA,P00749,OID00631,3.343000664079216
CARDIOVASCULAR III,vWF,P04275,OID00651,4.225427286121331
IMMUNO-ONCOLOGY,ADA,P00813,OID00775,4.992821137872629
IMMUNO-ONCOLOGY,ADGRG1,Q9Y653,OID00764,7.28906439146772
IMMUNO-ONCOLOGY,ANG-1,Q15389,OID00760,5.11588365533457
IMMUNO-ONCOLOGY,ANGPT2,O15123,OID00822,2.5318456448433158
IMMUNO-ONCOLOGY,CAIX,Q16790,OID00773,3.919231052365088
IMMUNO-ONCOLOGY,CASP-8,Q14790,OID00827,8.099634557961167
IMMUNO-ONCOLOGY,CCL17,Q92583,OID00821,5.22170969850417
IMMUNO-ONCOLOGY,CCL19,Q99731,OID00794,3.0410860953275978
IMMUNO-ONCOLOGY,CCL20,P78556,OID00837,7.276278617414668
IMMUNO-ONCOLOGY,CCL23,P55773,OID00811,1.843844964319912
IMMUNO-ONCOLOGY,CCL3,P10147,OID00813,3.7043150669131197
IMMUNO-ONCOLOGY,CCL4,P13236,OID00796,3.7846279791508084
IMMUNO-ONCOLOGY,CD244,Q9BZW8,OID00758,2.7522934744629644
IMMUNO-ONCOLOGY,CD27,P26842,OID00800,1.8662368624795282
IMMUNO-ONCOLOGY,CD28,P10747,OID00793,5.462379005847448
IMMUNO-ONCOLOGY,CD4,P01730,OID00776,9.281193206415368
IMMUNO-ONCOLOGY,CD40,P25942,OID00781,2.0640549309466394
IMMUNO-ONCOLOGY,CD40-L,P29965,OID00756,8.33433403953283
IMMUNO-ONCOLOGY,CD5,P06127,OID00812,3.405800638761355
IMMUNO-ONCOLOGY,CD70,P32970,OID00808,4.551334044075651
IMMUNO-ONCOLOGY,CD83,Q01151,OID00841,5.135411642191375
IMMUNO-ONCOLOGY,CD8A,P01732,OID00772,2.355251474239846
IMMUNO-ONCOLOGY,CRTAM,O95727,OID00766,3.3276507706963243
IMMUNO-ONCOLOGY,CSF-1,P09603,OID00843,1.1138225190890236
IMMUNO-ONCOLOGY,CX3CL1,P78423,OID00806,2.1885252449333428
IMMUNO-ONCOLOGY,CXCL1,P09341,OID00786,4.853502498047022
IMMUNO-ONCOLOGY,CXCL10,P02778,OID00807,5.419350262665072
IMMUNO-ONCOLOGY,CXCL11,O14625,OID00767,6.193491227660586
IMMUNO-ONCOLOGY,CXCL12,P48061,OID00824,9.28958944337665
IMMUNO-ONCOLOGY,CXCL13,O43927,OID00830,3.3733807545899652
IMMUNO-ONCOLOGY,CXCL5,P42830,OID00801,6.207110777014169
IMMUNO-ONCOLOGY,CXCL9,Q07325,OID00771,4.522557981818756
IMMUNO-ONCOLOGY,DCN,P07585,OID00817,1.6080524373391272
IMMUNO-ONCOLOGY,EGF,P01133,OID00759,6.973624769968324
IMMUNO-ONCOLOGY,FASLG,P48023,OID00792,1.9335123404337822
IMMUNO-ONCOLOGY,FGF2,P09038,OID00770,16.68455778253693
IMMUNO-ONCOLOGY,Gal-1,P09382,OID00798,1.3372040668659095
IMMUNO-ONCOLOGY,Gal-9,O00182,OID00779,1.2327687663706042
IMMUNO-ONCOLOGY,GZMA,P12544,OID00804,3.1215000495756025
IMMUNO-ONCOLOGY,GZMB,P10144,OID00840,10.284905536423098
IMMUNO-ONCOLOGY,GZMH,P20718,OID00783,7.173451154201974
IMMUNO-ONCOLOGY,HGF,P14210,OID00803,2.4472918006177125
IMMUNO-ONCOLOGY,HO-1,P09601,OID00805,1.4193480649170018
IMMUNO-ONCOLOGY,ICOSLG,O75144,OID00828,1.7623910736043342
IMMUNO-ONCOLOGY,IL10,P22301,OID00809,5.807405750820269
IMMUNO-ONCOLOGY,IL12,"P29459,P29460",OID00842,4.069671849774617
IMMUNO-ONCOLOGY,IL12RB1,P42701,OID00835,6.599205341295931
IMMUNO-ONCOLOGY,IL18,Q14116,OID00782,2.4954134635399545
IMMUNO-ONCOLOGY,IL6,P05231,OID00763,8.574480899737438
IMMUNO-ONCOLOGY,IL7,P13232,OID00761,8.259059595641238
IMMUNO-ONCOLOGY,IL8,P10145,OID00752,5.343178962749728
IMMUNO-ONCOLOGY,KLRD1,Q13241,OID00839,2.7374546863734235
IMMUNO-ONCOLOGY,LAMP3,Q9UQV4,OID00826,5.543224926694152
IMMUNO-ONCOLOGY,LAP TGF-beta-1,P01137,OID00785,9.613362952034006
IMMUNO-ONCOLOGY,MCP-1,P13500,OID00765,2.4141329850050126
IMMUNO-ONCOLOGY,MCP-2,P80075,OID00795,4.12501639599547
IMMUNO-ONCOLOGY,MCP-3,P80098,OID00755,12.434925185697828
IMMUNO-ONCOLOGY,MCP-4,Q99616,OID00768,4.536930861188651
IMMUNO-ONCOLOGY,MIC-A/B,"Q29983,Q29980",OID00820,2.9950346770374248
IMMUNO-ONCOLOGY,MMP12,P39900,OID00829,4.858889212159219
IMMUNO-ONCOLOGY,MMP7,P09237,OID00814,1.8370200402359327
IMMUNO-ONCOLOGY,NCR1,O76036,OID00816,4.355293668522512
IMMUNO-ONCOLOGY,NOS3,P29474,OID00777,14.2305863181239
IMMUNO-ONCOLOGY,PD-L1,Q9NZQ7,OID00799,3.2440018768190018
IMMUNO-ONCOLOGY,PD-L2,Q9BQ51,OID00831,3.4318073632922035
IMMUNO-ONCOLOGY,PDCD1,Q15116,OID00791,5.471079883211689
IMMUNO-ONCOLOGY,PDGF subunit B,P01127,OID00790,2.934414311187077
IMMUNO-ONCOLOGY,PGF,P49763,OID00762,1.6668864276853355
IMMUNO-ONCOLOGY,PTN,P21246,OID00823,6.588856226022941
IMMUNO-ONCOLOGY,TIE2,Q02763,OID00754,1.3802681055470678
IMMUNO-ONCOLOGY,TNFRSF12A,Q9NP84,OID00810,2.8535128631537625
IMMUNO-ONCOLOGY,TNFRSF21,O75509,OID00818,0.9052995385296079
IMMUNO-ONCOLOGY,TNFRSF4,P43489,OID00819,4.033354231033919
IMMUNO-ONCOLOGY,TNFRSF9,Q07011,OID00753,2.5074346564438192
IMMUNO-ONCOLOGY,TNFSF14,O43557,OID00787,6.449894944890695
IMMUNO-ONCOLOGY,TRAIL,P50591,OID00769,1.6087980632264982
IMMUNO-ONCOLOGY,TWEAK,O43508,OID00789,1.671789259008266
IMMUNO-ONCOLOGY,VEGFA,P15692,OID00832,2.0555366786664924
IMMUNO-ONCOLOGY,VEGFC,P49767,OID00784,26.968712722471818
IMMUNO-ONCOLOGY,VEGFR-2,P35968,OID00780,1.2560977287876764
INFLAMMATION,4E-BP1,Q13541,OID00536,4.865820814764879
INFLAMMATION,ADA,P00813,OID00560,3.3015353128954548
INFLAMMATION,AXIN1,O15169,OID00487,10.283422987033493
INFLAMMATION,CASP-8,Q14790,OID00550,12.145614653687542
INFLAMMATION,CCL11,P51671,OID00505,2.8102237727382913
INFLAMMATION,CCL19,Q99731,OID00513,3.3129405045400397
INFLAMMATION,CCL20,P78556,OID00556,6.657992148213912
INFLAMMATION,CCL23,P55773,OID00530,1.9378749105980455
INFLAMMATION,CCL25,O15444,OID00551,2.59970233974424
INFLAMMATION,CCL28,Q9NRJ3,OID00539,5.800851836096367
INFLAMMATION,CCL3,P10147,OID00532,4.11822411026748
INFLAMMATION,CCL4,P13236,OID00498,4.38118613199403
INFLAMMATION,CD244,Q9BZW8,OID00477,2.6036079606676292
INFLAMMATION,CD40,P25942,OID00542,1.8143585899802401
INFLAMMATION,CD5,P06127,OID00531,3.8189130843873813
INFLAMMATION,CD6,P30203,OID00499,2.9875333605414873
INFLAMMATION,CD8A,P01732,OID05124,2.5236457907433114
INFLAMMATION,CDCP1,Q9H5V8,OID00476,4.163446371949992
INFLAMMATION,CSF-1,P09603,OID00562,1.0599454489996272
INFLAMMATION,CST5,P28325,OID00491,2.326843623664796
INFLAMMATION,CX3CL1,P78423,OID00552,2.6657233408941883
INFLAMMATION,CXCL1,P09341,OID00496,5.559369365123722
INFLAMMATION,CXCL10,P02778,OID00535,4.201951597937073
INFLAMMATION,CXCL11,O14625,OID00486,5.496129855186796
INFLAMMATION,CXCL5,P42830,OID00520,6.092673621581524
INFLAMMATION,CXCL6,P80162,OID00534,4.665971892535013
INFLAMMATION,CXCL9,Q07325,OID00490,4.351223873525317
INFLAMMATION,DNER,Q8NFT8,OID01213,1.0825878351536262
INFLAMMATION,EN-RAGE,P80511,OID00541,14.741891609331315
INFLAMMATION,FGF-19,O95750,OID00545,7.140948188803626
INFLAMMATION,FGF-21,Q9NSA1,OID00512,6.9627081251180964
INFLAMMATION,FGF-23,Q9GZV9,OID00507,7.383611188344169
INFLAMMATION,FGF-5,P12034,OID00509,6.582806503952034
INFLAMMATION,Flt3L,P49771,OID00533,1.8261706640195123
INFLAMMATION,GDNF,P39905,OID00475,5.522668970575895
INFLAMMATION,HGF,P14210,OID00522,2.3610786146791445
INFLAMMATION,IFN-gamma,P01579,OID05547,6.705679436492349
INFLAMMATION,IL-10RA,Q13651,OID00508,13.887708030394766
INFLAMMATION,IL-10RB,Q08334,OID00515,2.311162596668928
INFLAMMATION,IL-12B,P29460,OID00523,4.359690363021888
INFLAMMATION,IL-15RA,Q13261,OID00514,5.835050883677986
INFLAMMATION,IL-17A,Q16552,OID00485,11.473473416764566
INFLAMMATION,IL-17C,Q9P0M4,OID00483,15.427922828221837
INFLAMMATION,IL-18R1,Q13478,OID00517,1.46089234180472
INFLAMMATION,IL-20RA,Q9UHF4,OID00489,11.206238715638548
INFLAMMATION,IL10,P22301,OID00528,5.107408688825362
INFLAMMATION,IL18,Q14116,OID00501,2.557104384099725
INFLAMMATION,IL6,P05231,OID00482,7.720970027452841
INFLAMMATION,IL7,P13232,OID00478,11.452171057654242
INFLAMMATION,IL8,P10145,OID00471,6.015963018743504
INFLAMMATION,LAP TGF-beta-1,P01137,OID00480,3.082196116112606
INFLAMMATION,LIF-R,P42702,OID00511,2.6472218848645976
INFLAMMATION,MCP-1,P13500,OID00484,2.047938128266198
INFLAMMATION,MCP-2,P80075,OID00549,3.3110443996583054
INFLAMMATION,MCP-3,P80098,OID00474,11.09492358976685
INFLAMMATION,MCP-4,Q99616,OID00504,3.0515626901719624
INFLAMMATION,MMP-1,P03956,OID00510,4.200305381526089
INFLAMMATION,MMP-10,P09238,OID00527,2.748023311105839
INFLAMMATION,NT-3,P20783,OID00554,6.708200051459993
INFLAMMATION,OPG,O00300,OID00479,1.5189608760361377
INFLAMMATION,OSM,P13725,OID00494,11.023347483759691
INFLAMMATION,PD-L1,Q9NZQ7,OID00518,2.484221196609618
INFLAMMATION,SCF,P21583,OID00500,1.018950472152472
INFLAMMATION,SIRT2,Q8IXJ6,OID00538,9.546906862520443
INFLAMMATION,SLAMF1,Q13291,OID00502,8.1990274504385
INFLAMMATION,ST1A1,P50225,OID00557,9.296948030693727
INFLAMMATION,STAMBP,O95630,OID00558,7.07348084959352
INFLAMMATION,TGF-alpha,P01135,OID00503,4.015605090328059
INFLAMMATION,TNF,P01375,OID05548,4.8833893741571535
INFLAMMATION,TNFB,P01374,OID00561,3.0176920742836457
INFLAMMATION,TNFRSF9,Q07011,OID00553,2.4792523360202092
INFLAMMATION,TNFSF14,O43557,OID00506,6.4584587319603335
INFLAMMATION,TRAIL,P50591,OID00488,1.4635520225785639
INFLAMMATION,TRANCE,O14788,OID00521,4.739837344484094
INFLAMMATION,TWEAK,O43508,OID00555,1.7739317518604711
INFLAMMATION,uPA,P00749,OID00481,1.404981073949418
INFLAMMATION,VEGFA,P15692,OID00472,1.7144744702110684
NEURO EXPLORATORY,AARSD1,Q9BTE6,OID05202,10.967093224318969
NEURO EXPLORATORY,ABHD14B,Q96IU4,OID05201,19.421370324269034
NEURO EXPLORATORY,ADAM15,Q13444,OID05162,1.588666882222747
NEURO EXPLORATORY,AKT1S1,Q96B36,OID05192,7.8154293344081545
NEURO EXPLORATORY,ANXA10,Q9UJ72,OID05147,14.921016489163206
NEURO EXPLORATORY,ASGR1,P07306,OID05183,5.729862909137467
NEURO EXPLORATORY,ATP6V1F,Q16864,OID05143,17.283077071024874
NEURO EXPLORATORY,BST2,Q10589,OID05140,2.9883143447060814
NEURO EXPLORATORY,CARHSP1,Q9Y2V2,OID05198,11.072458141405525
NEURO EXPLORATORY,CCL27,Q9Y4X3,OID05190,2.3590586221708203
NEURO EXPLORATORY,CD302,Q8IX05,OID05152,3.634052890682966
NEURO EXPLORATORY,CD33,P20138,OID05161,2.9905946002864137
NEURO EXPLORATORY,CD63,P08962,OID05222,4.628830812923954
NEURO EXPLORATORY,CDH15,P55291,OID05134,3.136613269280486
NEURO EXPLORATORY,CDH17,Q12864,OID05138,3.8205728994949464
NEURO EXPLORATORY,CETN2,P41208,OID05133,18.946939025444333
NEURO EXPLORATORY,CLSTN1,O94985,OID05158,4.85878319766159
NEURO EXPLORATORY,COL4A3BP,Q9Y5P4,OID05185,21.938146254931972
NEURO EXPLORATORY,CRADD,P78560,OID05129,8.49646683021636
NEURO EXPLORATORY,CRIP2,P52943,OID05154,6.11246426187585
NEURO EXPLORATORY,CTF1,Q16619,OID05156,15.096031162482705
NEURO EXPLORATORY,DEFB4A,O15263,OID05200,10.514358871778349
NEURO EXPLORATORY,DPEP1,P16444,OID05209,3.149637004569681
NEURO EXPLORATORY,DPEP2,Q9H4A9,OID05180,4.685376320205376
NEURO EXPLORATORY,DSG3,P32926,OID05170,2.0686184536265952
NEURO EXPLORATORY,ECE1,P42892,OID05132,11.28025448289655
NEURO EXPLORATORY,EIF4B,P23588,OID05128,4.1729026768290725
NEURO EXPLORATORY,EREG,O14944,OID05151,20.69688354944111
NEURO EXPLORATORY,FCAR,P24071,OID05175,4.2198332432740955
NEURO EXPLORATORY,FGFR2,P21802,OID05166,2.3508228546858825
NEURO EXPLORATORY,FHIT,P49789,OID05157,28.124594672602218
NEURO EXPLORATORY,FKBP5,Q13451,OID05220,9.09981257374953
NEURO EXPLORATORY,FKBP7,Q9Y680,OID05146,15.784065167967725
NEURO EXPLORATORY,FOLR2,P14207,OID05136,2.5391589641871044
NEURO EXPLORATORY,FUT8,Q9BYC5,OID05195,28.017141696207723
NEURO EXPLORATORY,GGT5,P36269,OID05221,4.395396433499872
NEURO EXPLORATORY,GPNMB,Q14956,OID05139,1.1647748293093807
NEURO EXPLORATORY,HMOX2,P30519,OID05207,8.285081618864808
NEURO EXPLORATORY,IFI30,P13284,OID05174,9.047058658852334
NEURO EXPLORATORY,IFNL1,Q8IU54,OID05127,11.908847416463486
NEURO EXPLORATORY,IL15,P40933,OID05169,6.472785416709414
NEURO EXPLORATORY,IL32,P24001,OID05194,10.28524667519584
NEURO EXPLORATORY,IL3RA,P26951,OID05211,5.122987109005433
NEURO EXPLORATORY,ILKAP,Q9H0C8,OID05215,14.906080066776216
NEURO EXPLORATORY,IMPA1,P29218,OID05153,22.7646275770339
NEURO EXPLORATORY,ISLR2,Q6UXK2,OID05216,5.942717011927811
NEURO EXPLORATORY,KIF1BP,Q96EK5,OID05213,9.370214489997855
NEURO EXPLORATORY,KIR2DL3,P43628,OID05149,6.216981305896837
NEURO EXPLORATORY,KIRREL2,Q6UWL6,OID05188,3.711994697029388
NEURO EXPLORATORY,KLB,Q86Z14,OID05137,3.538927587863913
NEURO EXPLORATORY,LEPR,P48357,OID05160,1.9002892407336904
NEURO EXPLORATORY,MAD1L1,Q9Y6D9,OID05191,15.467862437388765
NEURO EXPLORATORY,NAA10,P41227,OID05168,14.58994915939249
NEURO EXPLORATORY,NDRG1,Q92597,OID05163,8.439164376944335
NEURO EXPLORATORY,NEFL,P07196,OID05206,5.1115604884717625
NEURO EXPLORATORY,NPM1,P06748,OID05182,21.868350415999952
NEURO EXPLORATORY,PFDN2,Q9UHV9,OID05197,11.0089201525793
NEURO EXPLORATORY,PHOSPHO1,Q8TCT1,OID05203,3.611535305583775
NEURO EXPLORATORY,PLA2G10,O15496,OID05177,5.265148928330003
NEURO EXPLORATORY,PMVK,Q15126,OID05218,6.171756663480713
NEURO EXPLORATORY,PPP3R1,P63098,OID05214,6.394271534217972
NEURO EXPLORATORY,PRTFDC1,Q9NRG1,OID05176,14.022575923703501
NEURO EXPLORATORY,PSG1,P11464,OID05186,-4.817890035657734
NEURO EXPLORATORY,PSME1,Q06323,OID05187,10.543405399657615
NEURO EXPLORATORY,PTPN1,P18031,OID05141,13.174977363361966
NEURO EXPLORATORY,PTS,Q03393,OID05193,6.8366549075093905
NEURO EXPLORATORY,RBKS,Q9H477,OID05144,3.81443144172231
NEURO EXPLORATORY,RNF31,Q96EP0,OID05208,8.304583206959101
NEURO EXPLORATORY,RPS6KB1,P23443,OID05150,13.833053076486483
NEURO EXPLORATORY,SCGB1A1,P11684,OID05155,3.860568596249723
NEURO EXPLORATORY,SFRP1,Q8N474,OID05171,4.126635892940231
NEURO EXPLORATORY,SMOC1,Q9H4F8,OID05135,3.036463536282082
NEURO EXPLORATORY,SNCG,O76070,OID05210,8.052209196044702
NEURO EXPLORATORY,SRP14,P37108,OID05142,13.81457904934626
NEURO EXPLORATORY,TBCB,Q99426,OID05181,7.972111754909465
NEURO EXPLORATORY,TNFRSF13C,Q96RJ3,OID05205,7.8941668291551
NEURO EXPLORATORY,TPPP3,Q9BW30,OID05196,8.439020137657938
NEURO EXPLORATORY,VSTM1,Q6UX27,OID05199,10.383682777462532
NEURO EXPLORATORY,WWP2,O00308,OID05219,5.6938524578662415
